{
  "benchmark": "autodiff_overhead",
  "params": {
    "sizes": [
      1000,
      10000,
      100000,
      1000000
    ],
    "k": 8,
    "query_backend": "tree",
    "leaf_size": 64,
    "runs": 5,
    "warmup": 2,
    "seed": 0
  },
  "metadata": {
    "jax_version": "0.9.0",
    "backend": "gpu",
    "device_kind": "NVIDIA A100-PCIE-40GB",
    "device_platform": "gpu",
    "compute_capability": "8.0",
    "x64_enabled": true,
    "git_commit": "ebfcc99",
    "timestamp_utc": "2026-07-15T08:40:13Z",
    "hostname": "compgpu8"
  },
  "records": [
    {
      "n": 1000,
      "forward": {
        "runs": 5,
        "warmup": 2,
        "min_s": 0.00541477301158011,
        "median_s": 0.005463581997901201,
        "mean_s": 0.005458614800591022,
        "times_s": [
          0.0055165530066005886,
          0.005467083014082164,
          0.005463581997901201,
          0.005431082972791046,
          0.00541477301158011
        ]
      },
      "forward_backward": {
        "runs": 5,
        "warmup": 2,
        "min_s": 0.005656802968587726,
        "median_s": 0.005730053992010653,
        "mean_s": 0.00572622378822416,
        "times_s": [
          0.005656802968587726,
          0.005730053992010653,
          0.005751813994720578,
          0.005714753991924226,
          0.0057776939938776195
        ]
      },
      "overhead_ratio": 1.0446980799545997
    },
    {
      "n": 10000,
      "forward": {
        "runs": 5,
        "warmup": 2,
        "min_s": 0.016816369956359267,
        "median_s": 0.019915123004466295,
        "mean_s": 0.019036281388252974,
        "times_s": [
          0.020859156968072057,
          0.019977252988610417,
          0.019915123004466295,
          0.017613504023756832,
          0.016816369956359267
        ]
      },
      "forward_backward": {
        "runs": 5,
        "warmup": 2,
        "min_s": 0.015965436003170907,
        "median_s": 0.019823921960778534,
        "mean_s": 0.018820264399982987,
        "times_s": [
          0.0198747530230321,
          0.019823921960778534,
          0.01986748300259933,
          0.018569728010334074,
          0.015965436003170907
        ]
      },
      "overhead_ratio": 0.9493984756878775
    },
    {
      "n": 100000,
      "forward": {
        "runs": 5,
        "warmup": 2,
        "min_s": 0.09399622096680105,
        "median_s": 0.09409848198993132,
        "mean_s": 0.09406831398373469,
        "times_s": [
          0.09411913296207786,
          0.09399622096680105,
          0.09411727200495079,
          0.09401046199491248,
          0.09409848198993132
        ]
      },
      "forward_backward": {
        "runs": 5,
        "warmup": 2,
        "min_s": 0.09420286299427971,
        "median_s": 0.09460780501831323,
        "mean_s": 0.09455986020620913,
        "times_s": [
          0.09505559597164392,
          0.09463059401605278,
          0.09420286299427971,
          0.09430244303075597,
          0.09460780501831323
        ]
      },
      "overhead_ratio": 1.0021984078227109
    },
    {
      "n": 1000000,
      "forward": {
        "runs": 5,
        "warmup": 2,
        "min_s": 1.1104674459784292,
        "median_s": 1.1116610610042699,
        "mean_s": 1.111738071392756,
        "times_s": [
          1.1113240999984555,
          1.1116610610042699,
          1.112785506004002,
          1.1124522439786233,
          1.1104674459784292
        ]
      },
      "forward_backward": {
        "runs": 5,
        "warmup": 2,
        "min_s": 1.112286603951361,
        "median_s": 1.112907925969921,
        "mean_s": 1.1134897183743306,
        "times_s": [
          1.1127427849569358,
          1.112286603951361,
          1.113728258991614,
          1.112907925969921,
          1.115783018001821
        ]
      },
      "overhead_ratio": 1.001638191177526
    }
  ]
}