{
  "benchmark": "nn_rebuild",
  "params": {
    "num_particles": 256,
    "dim": 3,
    "target_distance": 0.12,
    "k_neighbors": 8,
    "leaf_size": 16,
    "steps": 120,
    "learning_rate": 2.0,
    "clip": 1.5,
    "seed": 0
  },
  "metadata": {
    "jax_version": "0.8.3",
    "backend": "cpu",
    "device_kind": "cpu",
    "device_platform": "cpu",
    "compute_capability": null,
    "x64_enabled": true,
    "git_commit": "be5baba",
    "timestamp_utc": "2026-07-17T14:21:37Z",
    "hostname": "mac-buck-3.local"
  },
  "summary": {
    "initial_mean_nn": 0.20854490995407104,
    "final_mean_nn": 0.12436550855636597,
    "initial_loss": 0.016939882189035416,
    "final_loss": 5.881920878891833e-05,
    "topology_changes": 55
  },
  "trajectory": {
    "step": [
      0,
      1,
      2,
      3,
      4,
      5,
      6,
      7,
      8,
      9,
      10,
      11,
      12,
      13,
      14,
      15,
      16,
      17,
      18,
      19,
      20,
      21,
      22,
      23,
      24,
      25,
      26,
      27,
      28,
      29,
      30,
      31,
      32,
      33,
      34,
      35,
      36,
      37,
      38,
      39,
      40,
      41,
      42,
      43,
      44,
      45,
      46,
      47,
      48,
      49,
      50,
      51,
      52,
      53,
      54,
      55,
      56,
      57,
      58,
      59,
      60,
      61,
      62,
      63,
      64,
      65,
      66,
      67,
      68,
      69,
      70,
      71,
      72,
      73,
      74,
      75,
      76,
      77,
      78,
      79,
      80,
      81,
      82,
      83,
      84,
      85,
      86,
      87,
      88,
      89,
      90,
      91,
      92,
      93,
      94,
      95,
      96,
      97,
      98,
      99,
      100,
      101,
      102,
      103,
      104,
      105,
      106,
      107,
      108,
      109,
      110,
      111,
      112,
      113,
      114,
      115,
      116,
      117,
      118,
      119
    ],
    "loss": [
      0.016939882189035416,
      0.015322797000408173,
      0.01421801932156086,
      0.01312185823917389,
      0.01213192380964756,
      0.011509479023516178,
      0.010861237533390522,
      0.009936170652508736,
      0.009421777911484241,
      0.00863452535122633,
      0.008067685179412365,
      0.0077083418145775795,
      0.007075674366205931,
      0.006640294101089239,
      0.006391176953911781,
      0.0058728051371872425,
      0.0056760357692837715,
      0.005220720544457436,
      0.004956915974617004,
      0.00482187420129776,
      0.004436120390892029,
      0.004203217104077339,
      0.0039866273291409016,
      0.003914308734238148,
      0.0035970958415418863,
      0.0034185624681413174,
      0.003251822665333748,
      0.003095828229561448,
      0.00307340151630342,
      0.002811967395246029,
      0.00268241623416543,
      0.0025606737472116947,
      0.002445169724524021,
      0.002336545381695032,
      0.002234413055703044,
      0.0021381399128586054,
      0.002046847715973854,
      0.002066424349322915,
      0.001854725880548358,
      0.0017677784198895097,
      0.0016863741911947727,
      0.0016099907224997878,
      0.0015382713172584772,
      0.0014708137605339289,
      0.001426242059096694,
      0.0013440976617857814,
      0.0012848362093791366,
      0.0012291544117033482,
      0.0012650793651118875,
      0.0012124842032790184,
      0.001159655163064599,
      0.0012227024417370558,
      0.001062768162228167,
      0.0010181865654885769,
      0.00097598263528198,
      0.0009359761606901884,
      0.0008978837286122143,
      0.0008596537518315017,
      0.0008235176792368293,
      0.0007892976282164454,
      0.0007568871951662004,
      0.0007261324790306389,
      0.0006969496607780457,
      0.0006857803673483431,
      0.0006427689222618937,
      0.0006158979958854616,
      0.0005904613644815981,
      0.0005663493648171425,
      0.0005434741033241153,
      0.0005217494326643646,
      0.0005010976456105709,
      0.0004814518033526838,
      0.0004627426387742162,
      0.0004449179396033287,
      0.00042784714605659246,
      0.0004103172104805708,
      0.00039347275742329657,
      0.0003745595458894968,
      0.000356889795511961,
      0.00034036071156151593,
      0.00032486714189872146,
      0.00031032474362291396,
      0.0002966513275168836,
      0.0002837770152837038,
      0.0002716375747695565,
      0.00026017468189820647,
      0.0002493378706276417,
      0.00023907810100354254,
      0.00022935585002414882,
      0.00022012958652339876,
      0.00021136822761036456,
      0.0002030362084042281,
      0.00019510895072016865,
      0.00018755602650344372,
      0.00018035797984339297,
      0.00017347706307191402,
      0.0001666000171098858,
      0.00016006264195311815,
      0.00015384434664156288,
      0.00014787877444177866,
      0.00014217941497918218,
      0.00013614015188068151,
      0.00013044495426584035,
      0.00012506308848969638,
      0.00011881813406944275,
      0.00011301386984996498,
      0.00010760982695501298,
      0.00010256795212626457,
      9.785571455722675e-05,
      9.344333375338465e-05,
      8.930463809520006e-05,
      8.541607530787587e-05,
      8.17564214230515e-05,
      7.830710819689557e-05,
      7.50508697819896e-05,
      7.197291415650398e-05,
      6.905912596266717e-05,
      6.629768176935613e-05,
      6.367686728481203e-05,
      6.118729652371258e-05
    ],