{
  "benchmark": "scaling",
  "params": {
    "sizes": [
      1000,
      10000,
      100000,
      1000000
    ],
    "backends": [
      "radix",
      "octree",
      "kdtree"
    ],
    "leaf_size": 64,
    "theta": 0.6,
    "runs": 5,
    "warmup": 2,
    "seed": 0
  },
  "metadata": {
    "jax_version": "0.9.0",
    "backend": "gpu",
    "device_kind": "NVIDIA A100-PCIE-40GB",
    "device_platform": "gpu",
    "compute_capability": "8.0",
    "x64_enabled": true,
    "git_commit": "ebfcc99",
    "timestamp_utc": "2026-07-15T08:30:55Z",
    "hostname": "compgpu8"
  },
  "records": [
    {
      "n": 1000,
      "backends": {
        "radix": {
          "build": {
            "runs": 5,
            "warmup": 2,
            "min_s": 0.0012262359960004687,
            "median_s": 0.0013989959843456745,
            "mean_s": 0.001373037602752447,
            "times_s": [
              0.0012804939760826528,
              0.0012262359960004687,
              0.0014269560342654586,
              0.001532506023067981,
              0.0013989959843456745
            ]
          },
          "traverse": {
            "runs": 5,
            "warmup": 2,
            "min_s": 0.023387502995319664,
            "median_s": 0.024189845949877053,
            "mean_s": 0.024724812398198993,
            "times_s": [
              0.027645560039673,
              0.023387502995319664,
              0.024882099009118974,
              0.023519053997006267,
              0.024189845949877053
            ]
          },
          "num_nodes": 31,
          "num_far_interactions": 0,
          "num_near_neighbors": 240
        },
        "octree": {
          "build": {
            "runs": 5,
            "warmup": 2,
            "min_s": 1.2757096409914084,
            "median_s": 1.2931293299770914,
            "mean_s": 1.3062968379934319,
            "times_s": [
              1.2931293299770914,
              1.2757096409914084,
              1.3295756939915009,
              1.342395525018219,
              1.2906739999889396
            ]
          },
          "traverse": {
            "runs": 5,
            "warmup": 2,
            "min_s": 0.024238876008894295,
            "median_s": 0.026456744992174208,
            "mean_s": 0.026473870989866553,
            "times_s": [
              0.024238876008894295,
              0.026456744992174208,
              0.027804870973341167,
              0.025718051998410374,
              0.02815081097651273
            ]
          },
          "num_nodes": 31,
          "num_far_interactions": 0,
          "num_near_neighbors": 240
        },
        "kdtree": {
          "build": {
            "runs": 5,
            "warmup": 2,
            "min_s": 0.9766673450358212,
            "median_s": 1.004397684999276,
            "mean_s": 0.9995811118045822,
            "times_s": [
              1.0142308240174316,
              0.993233360000886,
              1.0093763449694961,
              0.9766673450358212,
              1.004397684999276
            ]
          },
          "traverse": {
            "runs": 5,
            "warmup": 2,
            "min_s": 0.18393058999208733,
            "median_s": 0.187670634011738,
            "mean_s": 0.18929115501232446,
            "times_s": [
              0.195733797037974,
              0.18393058999208733,
              0.187670634011738,
              0.18702746200142428,
              0.19209329201839864
            ]
          },
          "num_nodes": 31,
          "num_far_interactions": 0,
          "num_near_neighbors": 240
        }
      },
      "scipy_ckdtree": {
        "build_min_s": 0.00015613099094480276,
        "query_min_s": 0.0020258380100131035
      }
    },
    {
      "n": 10000,
      "backends": {
        "radix": {
          "build": {
            "runs": 5,
            "warmup": 2,
            "min_s": 0.0017876079655252397,
            "median_s": 0.0018512870301492512,
            "mean_s": 0.001996931992471218,
            "times_s": [
              0.0017876079655252397,
              0.002044997992925346,
              0.0018512870301492512,
              0.0018377969972789288,
              0.002462969976477325
            ]
          },
          "traverse": {
            "runs": 5,
            "warmup": 2,
            "min_s": 0.04157480498543009,
            "median_s": 0.04443181701935828,
            "mean_s": 0.045123117009643464,
            "times_s": [
              0.04789391002850607,
              0.048029120021965355,
              0.04368593299295753,
              0.04443181701935828,
              0.04157480498543009
            ]
          },
          "num_nodes": 313,
          "num_far_interactions": 3796,
          "num_near_neighbors": 17676
        },
        "octree": {
          "build": {
            "runs": 5,
            "warmup": 2,
            "min_s": 1.2683215040015057,
            "median_s": 1.2761577549972571,
            "mean_s": 1.2907210427918472,
            "times_s": [
              1.312395058979746,
              1.275537651963532,
              1.2683215040015057,
              1.2761577549972571,
              1.321193244017195
            ]
          },
          "traverse": {
            "runs": 5,
            "warmup": 2,
            "min_s": 0.0433346820063889,
            "median_s": 0.04400592501042411,
            "mean_s": 0.0444804908009246,
            "times_s": [
              0.0433346820063889,
              0.0457880919566378,
              0.04400592501042411,
              0.04393110499950126,
              0.04534265003167093
            ]
          },
          "num_nodes": 313,
          "num_far_interactions": 3796,
          "num_near_neighbors": 17676
        },
        "kdtree": {
          "build": {
            "runs": 5,
            "warmup": 2,
            "min_s": 2.4863137190113775,
            "median_s": 2.522852395020891,
            "mean_s": 2.5193822606117466,
            "times_s": [
              2.5376284529920667,
              2.4863137190113775,
              2.4999541330034845,
              2.5501626030309126,
              2.522852395020891
            ]
          },
          "traverse": {
            "runs": 5,
            "warmup": 2,
            "min_s": 1.6773425490246154,
            "median_s": 1.6941467160359025,
            "mean_s": 1.7148904284113087,
            "times_s": [
              1.6773425490246154,
              1.7929420580039732,
              1.6899906399776228,
              1.7200301790144295,
              1.6941467160359025
            ]
          },
          "num_nodes": 313,
          "num_far_interactions": 5562,
          "num_near_neighbors": 12366
        }
      },
      "scipy_ckdtree": {
        "build_min_s": 0.0021745380363427103,
        "query_min_s": 0.0219537079683505
      }
    },
    {
      "n": 100000,
      "backends": {
        "radix": {
          "build": {
            "runs": 5,
            "warmup": 2,
            "min_s": 0.001971757970750332,
            "median_s": 0.0022101090289652348,
            "mean_s": 0.002267979003954679,
            "times_s": [
              0.0022101090289652348,
              0.0021390379988588393,
              0.002464469987899065,
              0.002554520033299923,
              0.001971757970750332
            ]
          },
          "traverse": {
            "runs": 5,
            "warmup": 2,
            "min_s": 0.08596126199699938,
            "median_s": 0.10538614797405899,
            "mean_s": 0.09911820358829573,
            "times_s": [
              0.10950291395420209,
              0.10743208701023832,
              0.10538614797405899,
              0.08730860700597987,
              0.08596126199699938
            ]
          },
          "num_nodes": 3125,
          "num_far_interactions": 218102,
          "num_near_neighbors": 414900
        },
        "octree": {
          "build": {
            "runs": 5,
            "warmup": 2,