{
  "benchmark": "corrfunc_scaling",
  "params": {
    "sizes": [
      1000,
      10000,
      20000
    ],
    "theta": 0.5,
    "num_bins": 12,
    "sharpness": 150.0,
    "leaf_size": 64,
    "backend": "radix",
    "runs": 5,
    "warmup": 2,
    "seed": 0
  },
  "metadata": {
    "jax_version": "0.9.0",
    "backend": "gpu",
    "device_kind": "NVIDIA A100-PCIE-40GB",
    "device_platform": "gpu",
    "compute_capability": "8.0",
    "x64_enabled": true,
    "git_commit": "da773a2",
    "timestamp_utc": "2026-07-16T07:46:40Z",
    "hostname": "compgpu8"
  },
  "records": [
    {
      "n": 1000,
      "build_s": 19.759603868995328,
      "accumulate": {
        "runs": 5,
        "warmup": 2,
        "min_s": 0.0006110130343586206,
        "median_s": 0.0006537529989145696,
        "mean_s": 0.0006443350110203027,
        "times_s": [
          0.000641753023955971,
          0.0006110130343586206,
          0.0006579529726877809,
          0.0006537529989145696,
          0.0006572030251845717
        ]
      },
      "value_and_grad": {
        "runs": 5,
        "warmup": 2,
        "min_s": 0.0009161140187643468,
        "median_s": 0.0009252939489670098,
        "mean_s": 0.0009336661896668375,
        "times_s": [
          0.0009191739954985678,
          0.0009252939489670098,
          0.0009161140187643468,
          0.0009393239743076265,
          0.0009684250107966363
        ]
      },
      "num_far_pairs": 0,
      "num_near_leaf_pairs": 240,
      "brute_force_s": 0.5941162150120363
    },
    {
      "n": 10000,
      "build_s": 37.21403224399546,
      "accumulate": {
        "runs": 5,
        "warmup": 2,
        "min_s": 0.02304867299972102,
        "median_s": 0.02309449203312397,
        "mean_s": 0.02309366480913013,
        "times_s": [
          0.02304867299972102,
          0.023093683004844934,
          0.023113803006708622,
          0.023117673001252115,
          0.02309449203312397
        ]
      },
      "value_and_grad": {
        "runs": 5,
        "warmup": 2,
        "min_s": 0.03611494996584952,
        "median_s": 0.03616602096008137,
        "mean_s": 0.036732322990428654,
        "times_s": [
          0.03901668300386518,
          0.03612462000455707,
          0.03611494996584952,
          0.03616602096008137,
          0.03623934101779014
        ]
      },
      "num_far_pairs": 2568,
      "num_near_leaf_pairs": 20710,
      "brute_force_s": 13.343677119992208
    },
    {
      "n": 20000,
      "build_s": 42.17007067002123,
      "accumulate": {
        "runs": 5,
        "warmup": 2,
        "min_s": 0.05024780303938314,
        "median_s": 0.05427982105175033,
        "mean_s": 0.05341031881980598,
        "times_s": [
          0.05427982105175033,
          0.05443607096094638,
          0.054527592030353844,
          0.0535603070165962,
          0.05024780303938314
        ]
      },
      "value_and_grad": {
        "runs": 5,
        "warmup": 2,
        "min_s": 0.10004231298808008,
        "median_s": 0.10024424397852272,
        "mean_s": 0.10019476800225675,
        "times_s": [
          0.10028379404684529,
          0.1003564849961549,
          0.10024424397852272,
          0.10004700400168076,
          0.10004231298808008
        ]
      },
      "num_far_pairs": 13472,
      "num_near_leaf_pairs": 66658,
      "brute_force_s": 45.528088869992644
    }
  ]
}