{
  "benchmark": "svgd_bandwidth_learning",
  "params": {
    "n": 1000,
    "cov_diag": [
      1.0,
      9.0
    ],
    "num_svgd_steps": 30,
    "num_outer_steps": 60,
    "step_size": 0.3,
    "theta": 0.5,
    "leaf_size": 64,
    "backend": "radix",
    "learning_rate": 0.15,
    "eval_steps": 60,
    "seed": 0
  },
  "target_std": [
    1.0,
    3.0
  ],
  "h_median": 0.2206332044223856,
  "h_learned": 1.398840597033386,
  "h_history": [
    0.22063320442238557,
    0.2563392062582459,
    0.29787728094315624,
    0.3462363845376002,
    0.4025631718232242,
    0.4681708106839158,
    0.5445359835033715,
    0.6332706100215801,
    0.7360476661172337,
    0.8544672711524441,
    0.9898524111900757,
    1.1428682398798578,
    1.3126249280464248,
    1.4946912492661137,
    1.6777496824263123,
    1.8409024891071943,
    1.958877507291809,
    2.015972836513786,
    2.0128745476975802,
    1.961266397101276,
    1.8765528162801615,
    1.7736071372920332,
    1.6648745343918876,
    1.5596673949698472,
    1.464134280462319,
    1.3817083301018283,
    1.3138104537196758,
    1.2605690455122174,
    1.221400797481944,
    1.195386894484125,
    1.1815107132477956,
    1.1787689763970266,
    1.1862061123087309,
    1.2029015870919895,
    1.227920074166485,
    1.2602425895392595,
    1.2986835353724984,
    1.3417950283095914,
    1.3877998902344728,
    1.4345498131764678,
    1.479556350604449,
    1.5201325275129232,
    1.553662360633125,
    1.577941131713276,
    1.591549871421331,
    1.5940939009405621,
    1.5862667352874196,
    1.569676976373357,
    1.5465694488785633,
    1.519456665245628,
    1.4908090878380174,
    1.4628071898012633,
    1.4372258848780741,
    1.415387004510421,
    1.3981727608411256,
    1.3860729960920475,
    1.3792434179689843,
    1.3775611061601658,
    1.3806683118930227,
    1.3880058900860497,
    1.398840597033386
  ],
  "loss_history": [
    0.18429936842920158,
    0.17385046643583602,
    0.16274618370537475,
    0.15115183930722365,
    0.13927109519057046,
    0.12734248321613229,
    0.11563865381299443,
    0.10446912643060091,
    0.09416374805161776,
    0.08502748247443104,
    0.07732532391520186,
    0.07137566091675385,
    0.06769060124354243,
    0.06681686704782785,
    0.06907258735103583,
    0.07362768759891947,
    0.0783035632500787,
    0.0809435563911638,
    0.08079454941602171,
    0.0784092053602069,
    0.07492481288279496,
    0.07146996215005885,
    0.06881237143264674,
    0.0672599187424936,
    0.06674601726794283,
    0.06699238365557048,
    0.06767472083257531,
    0.06851208422635202,
    0.06931301806201284,
    0.06992943437077381,
    0.07028799170678546,
    0.07036116622171706,
    0.0701649943490803,
    0.06974434207761082,
    0.0691691644348571,
    0.06851818848739266,
    0.06788599038607779,
    0.06734202181340865,
    0.06695204293895107,
    0.06676083233533248,
    0.06677007378638411,
    0.06694541921314667,
    0.06720404830883298,
    0.06745631695158305,
    0.06762277571035435,
    0.06765516816162465,
    0.06755676590482662,
    0.06736369897058547,
    0.06714067125744316,
    0.06694122496977417,
    0.06680322920381432,
    0.0667447650516444,
    0.06675640239120795,
    0.06681581546826665,
    0.06689231197407275,
    0.06696293463718139,
    0.06700951583100556,
    0.06702146090994121,
    0.06699955304993888,
    0.0669508722637231
  ],
  "std_median_heuristic": [
    0.7490102164058006,
    0.9518458370193157
  ],
  "std_learned": [
    0.9239816727612878,
    1.8903932388683995
  ],
  "metadata": {
    "jax_version": "0.9.0",
    "backend": "gpu",
    "device_kind": "NVIDIA GeForce RTX 2080 Ti",
    "device_platform": "gpu",
    "compute_capability": "7.5",
    "x64_enabled": true,
    "git_commit": "6cd1f2d",
    "timestamp_utc": "2026-07-17T16:27:25Z",
    "hostname": "compgpu5"
  }
}