{
  "benchmark": "svgd_bandwidth_learning",
  "params": {
    "n": 1000,
    "cov_diag": [
      1.0,
      4.0,
      9.0,
      16.0,
      25.0
    ],
    "num_svgd_steps": 30,
    "num_outer_steps": 60,
    "step_size": 0.3,
    "theta": 0.5,
    "leaf_size": 16,
    "learning_rate": 0.15,
    "eval_steps": 60,
    "seed": 0
  },
  "target_std": [
    1.0,
    2.0,
    3.0,
    4.0,
    5.0
  ],
  "h_median": 0.4004031843684443,
  "h_learned": 1.9191992409273648,
  "h_history": [
    0.4004031843684443,
    0.4652021228942717,
    0.5404759946349235,
    0.6280611014868492,
    0.7301783860804264,
    0.8494756569244147,
    0.989050171620756,
    1.1523706982508983,
    1.342885360166428,
    1.562742714961005,
    1.8092546409072465,
    2.067368565052785,
    2.303051734850247,
    2.476173870165382,
    2.566039166273416,
    2.575230048938702,
    2.5186512157138212,
    2.415001565172874,
    2.2826950435021987,
    2.138132533474917,
    1.994925371066728,
    1.8634482281467983,
    1.750635748582668,
    1.6601944425933164,
    1.593267200769145,
    1.5493163465432052,
    1.5269191075909914,
    1.5243025406559287,
    1.5395997664800163,
    1.570885629176135,
    1.6160608446684106,
    1.6726440493644932,
    1.7375318280109928,
    1.8068091810984268,
    1.875727172264883,
    1.9389723362925317,
    1.9912786614844624,
    2.0282671692249026,
    2.0472378195694136,
    2.047625405992486,
    2.0309866586162695,
    2.000582211057485,
    1.960729477658414,
    1.916111858216502,
    1.871182783483002,
    1.8297423213940065,
    1.794707362253129,
    1.7680506051214846,
    1.7508551677507171,
    1.7434248265486394,
    1.7454016841448,
    1.7558647159970977,
    1.7734052673093301,
    1.7961936101790086,
    1.8220613390799665,
    1.8486254898571566,
    1.8734697130349194,
    1.894376034279466,
    1.9095740704142774,
    1.9179552546180219,
    1.9191992409273648
  ],
  "loss_history": [
    0.5607528829430288,
    0.5453234082463565,
    0.5266593120501188,
    0.5049923457081422,
    0.4807310819613232,
    0.4545494339258614,
    0.42752643878609004,
    0.4013056049374205,
    0.3782364970935088,
    0.3613793342886138,
    0.3539601615657599,
    0.3574234503418818,
    0.36847156841077505,
    0.37999336964085106,
    0.3867500678614901,
    0.3874636107958186,
    0.3831340489320944,
    0.37566596686275017,
    0.3672802227508772,
    0.36005839971031567,
    0.35542584141949307,
    0.3538082588242075,
    0.35469966622253735,
    0.35707018018097336,
    0.3598282017180823,
    0.3621208350388566,
    0.3634391135482979,
    0.36359979460115566,
    0.3626802092058029,
    0.3609473130836889,
    0.35879061213086894,
    0.3566527230091071,
    0.35494924749580536,
    0.35397889435798047,
    0.3538425673375798,
    0.35440692613177555,
    0.3553451349732797,
    0.3562532785253467,
    0.35679461811057595,
    0.35680620068254837,
    0.3563277826389291,
    0.3555548947740418,
    0.35474676217308354,
    0.35412918492181944,
    0.3538269604397359,
    0.35384386739484236,
    0.35408696163007997,
    0.3544160838061579,
    0.354695752724748,
    0.3548331401948048,
    0.35479560854962267,
    0.3546087742701193,
    0.35433983521470397,
    0.35407230826640956,
    0.3538789901884729,
    0.3538003062860739,
    0.35383438836764297,
    0.35394210058414016,
    0.3540649489595669,
    0.3541485263296493
  ],
  "std_median_heuristic": [
    0.594199803697022,
    0.6471144802848088,
    0.6594503145740431,
    0.654803528424394,
    0.6631118910942159
  ],
  "std_learned": [
    0.8723806452378651,
    1.2793036910550597,
    1.432899264216025,
    1.4796040239830777,
    1.5211902074076376
  ],
  "metadata": {
    "jax_version": "0.9.0",
    "backend": "gpu",
    "device_kind": "NVIDIA GeForce RTX 2080 Ti",
    "device_platform": "gpu",
    "compute_capability": "7.5",
    "x64_enabled": true,
    "git_commit": "be5baba",
    "timestamp_utc": "2026-07-17T10:24:14Z",
    "hostname": "compgpu5"
  }
}