{
  "benchmark": "svgd_bandwidth_learning",
  "params": {
    "n": 1000,
    "cov_diag": [
      1.0,
      9.0
    ],
    "num_svgd_steps": 30,
    "num_outer_steps": 60,
    "step_size": 0.3,
    "theta": 0.5,
    "leaf_size": 16,
    "learning_rate": 0.15,
    "eval_steps": 60,
    "seed": 0
  },
  "target_std": [
    1.0,
    3.0
  ],
  "h_median": 0.2206332044223856,
  "h_learned": 1.4263163131730108,
  "h_history": [
    0.22063320442238557,
    0.25633920621662626,
    0.29787658522744015,
    0.3462334224654448,
    0.4025550670932181,
    0.46815402616303986,
    0.5445100593649106,
    0.6332496441042652,
    0.736085820453476,
    0.8546926627031917,
    0.9905401256217401,
    1.1445373976552038,
    1.3161260769540373,
    1.5013246723978997,
    1.6891136622977818,
    1.85822334411282,
    1.9818437326412504,
    2.0426941015978444,
    2.041023960326382,
    1.9889682328072602,
    1.902607271828312,
    1.7974339295524902,
    1.6863765742506582,
    1.579084299687473,
    1.481904045618717,
    1.398350188059304,
    1.3298515113579157,
    1.2764850821172609,
    1.2376051775247436,
    1.212235101471777,
    1.199300715567518,
    1.1977611361461584,
    1.206629226558331,
    1.224955121490534,
    1.2517705875193665,
    1.2860044558507613,
    1.3263980884847573,
    1.3714005565482599,
    1.4190942562492102,
    1.467149506914096,
    1.5128740966569085,
    1.5534156131905967,
    1.586046544494913,
    1.6085882959047129,
    1.6197616774298569,
    1.6194395846941771,
    1.6086251226697712,
    1.5892358421693,
    1.5637687134499456,
    1.5348997709977243,
    1.5051779531705638,
    1.4767883140737688,
    1.4514563485456637,
    1.4304238445529407,
    1.4144677149620166,
    1.4039784880995458,
    1.3990026316030209,
    1.3993126121798587,
    1.4044436192443877,
    1.413726055602604,
    1.4263163131730108
  ],
  "loss_history": [
    0.18443281917729148,
    0.17407499103073154,
    0.16308477420022416,
    0.15162558230433032,
    0.13988464006314405,
    0.1281095131987665,
    0.11652580725690653,
    0.1054280743294097,
    0.09512403983043294,
    0.08586021949392986,
    0.07789531436840336,
    0.07159425186227342,
    0.06748631458483667,
    0.0662511648845493,
    0.06831906708684321,
    0.07291869198753176,
    0.07782537790355548,
    0.08067088883211093,
    0.08058917075236616,
    0.07814452508090253,
    0.07453835219823024,
    0.07097127716025009,
    0.0682654799451694,
    0.06670800643306074,
    0.06622836067083271,
    0.06654459284450531,
    0.06728119450853787,
    0.06817409628379756,
    0.06900348436246673,
    0.06961867740964212,
    0.06996030582706048,
    0.07000188023161191,
    0.0697672866176351,
    0.06930393909814447,
    0.06868229050314134,
    0.06799678449426205,
    0.06733178731964284,
    0.06678516562510783,
    0.0664078286502543,
    0.06623838004907823,
    0.06628342630993589,
    0.06649302019354653,
    0.06677891152775628,
    0.06702781977349326,
    0.06717348996861716,
    0.06716917375248932,
    0.06702830723143038,
    0.0668126572488763,
    0.0665712663714676,
    0.06637453356136325,
    0.0662619363324104,
    0.06622964584701918,
    0.06627513637557858,
    0.06634691979669582,
    0.06643493142500256,
    0.06650056781556413,
    0.0665401790239386,
    0.06653786512677196,
    0.06649712507231975,
    0.06643884655935084
  ],
  "std_median_heuristic": [
    0.7488360560752978,
    0.9513533818911395
  ],
  "std_learned": [
    0.9262154071343602,
    1.8920411072895653
  ],
  "metadata": {
    "jax_version": "0.9.0",
    "backend": "gpu",
    "device_kind": "NVIDIA GeForce RTX 2080 Ti",
    "device_platform": "gpu",
    "compute_capability": "7.5",
    "x64_enabled": true,
    "git_commit": "0d004d8",
    "timestamp_utc": "2026-07-17T15:06:19Z",
    "hostname": "compgpu5"
  }
}