{
  "benchmark": "svgd_scaling",
  "params": {
    "sizes": [
      1000,
      2000,
      5000,
      10000
    ],
    "dim": 5,
    "theta": 0.5,
    "leaf_size": 32,
    "backend": "leaf_kdtree",
    "runs": 5,
    "warmup": 2,
    "seed": 0
  },
  "metadata": {
    "jax_version": "0.9.0",
    "backend": "gpu",
    "device_kind": "NVIDIA GeForce RTX 2080 Ti",
    "device_platform": "gpu",
    "compute_capability": "7.5",
    "x64_enabled": true,
    "git_commit": "6cd1f2d",
    "timestamp_utc": "2026-07-17T16:22:58Z",
    "hostname": "compgpu5"
  },
  "records": [
    {
      "n": 1000,
      "dim": 5,
      "build_s": 17.120048076991225,
      "phi": {
        "runs": 5,
        "warmup": 2,
        "min_s": 0.0005874850030522794,
        "median_s": 0.000614731980022043,
        "mean_s": 0.0006099290039855987,
        "times_s": [
          0.0006266860000323504,
          0.000614731980022043,
          0.000623142026597634,
          0.0005976000102236867,
          0.0005874850030522794
        ]
      },
      "value_and_grad": {
        "runs": 5,
        "warmup": 2,
        "min_s": 0.0018078820139635354,
        "median_s": 0.0018600049952510744,
        "mean_s": 0.0018537518044468015,
        "times_s": [
          0.0018385889998171479,
          0.0018600049952510744,
          0.0018078820139635354,
          0.0018987829971592873,
          0.0018635000160429627
        ]
      },
      "num_far_contribs": 0,
      "rel_error_vs_exact": 3.8651697386944776e-16,
      "exact_s": 0.003150963020743802
    },
    {
      "n": 2000,
      "dim": 5,
      "build_s": 13.503476829995634,
      "phi": {
        "runs": 5,
        "warmup": 2,
        "min_s": 0.00197166099678725,
        "median_s": 0.002064025989966467,
        "mean_s": 0.0020425865950528532,
        "times_s": [
          0.00197166099678725,
          0.002064025989966467,
          0.002116235002176836,
          0.0019790339865721762,
          0.0020819769997615367
        ]
      },
      "value_and_grad": {
        "runs": 5,
        "warmup": 2,
        "min_s": 0.0060475110076367855,
        "median_s": 0.006122182996477932,
        "mean_s": 0.006133236602181569,
        "times_s": [
          0.0060475110076367855,
          0.006122182996477932,
          0.006176466005854309,
          0.006247854005778208,
          0.0060721689951606095
        ]
      },
      "num_far_contribs": 0,
      "rel_error_vs_exact": 5.063011439316119e-16,
      "exact_s": 0.007453133992385119
    },
    {
      "n": 5000,
      "dim": 5,
      "build_s": 33.22368606401142,
      "phi": {
        "runs": 5,
        "warmup": 2,
        "min_s": 0.011373241984983906,
        "median_s": 0.011622008023550734,
        "mean_s": 0.011563960200874135,
        "times_s": [
          0.011373241984983906,
          0.011438341985922307,
          0.011622008023550734,
          0.011690284009091556,
          0.011695925000822172
        ]
      },
      "value_and_grad": {
        "runs": 5,
        "warmup": 2,
        "min_s": 0.057399576995521784,
        "median_s": 0.05781673500314355,
        "mean_s": 0.05789498160011135,
        "times_s": [
          0.057399576995521784,
          0.057970113994088024,
          0.05779396402067505,
          0.05781673500314355,
          0.05849451798712835
        ]
      },
      "num_far_contribs": 0,
      "rel_error_vs_exact": 9.81144037954821e-16,
      "exact_s": 0.05484671497833915
    },
    {
      "n": 10000,
      "dim": 5,
      "build_s": 43.24209323499235,
      "phi": {
        "runs": 5,
        "warmup": 2,
        "min_s": 0.03303526001400314,
        "median_s": 0.0388096249953378,
        "mean_s": 0.03901064340607263,
        "times_s": [
          0.04508123701089062,
          0.04504639201331884,
          0.0388096249953378,
          0.03303526001400314,
          0.03308070299681276
        ]
      },
      "value_and_grad": {
        "runs": 5,
        "warmup": 2,
        "min_s": 0.2314358860021457,
        "median_s": 0.23161454297951423,
        "mean_s": 0.23168612779700198,
        "times_s": [
          0.2320911519927904,
          0.23153658700175583,
          0.23161454297951423,
          0.2317524710088037,
          0.2314358860021457
        ]
      },
      "num_far_contribs": 0
    }
  ]
}