{
  "benchmark": "svgd_scaling",
  "params": {
    "sizes": [
      1000,
      2000,
      5000,
      10000
    ],
    "dim": 5,
    "theta": 0.5,
    "leaf_size": 32,
    "runs": 5,
    "warmup": 2,
    "seed": 0
  },
  "metadata": {
    "jax_version": "0.9.0",
    "backend": "gpu",
    "device_kind": "NVIDIA GeForce RTX 2080 Ti",
    "device_platform": "gpu",
    "compute_capability": "7.5",
    "x64_enabled": true,
    "git_commit": "be5baba",
    "timestamp_utc": "2026-07-17T10:25:46Z",
    "hostname": "compgpu5"
  },
  "records": [
    {
      "n": 1000,
      "dim": 5,
      "build_s": 19.018243500002427,
      "phi": {
        "runs": 5,
        "warmup": 2,
        "min_s": 0.0005782899970654398,
        "median_s": 0.0005966300086583942,
        "mean_s": 0.0005960034031886607,
        "times_s": [
          0.0005782899970654398,
          0.000584544992307201,
          0.0006000100111123174,
          0.0005966300086583942,
          0.0006205420067999512
        ]
      },
      "value_and_grad": {
        "runs": 5,
        "warmup": 2,
        "min_s": 0.001989818993024528,
        "median_s": 0.0020122230052948,
        "mean_s": 0.0020125671930145473,
        "times_s": [
          0.002037381986156106,
          0.001989818993024528,
          0.0020122230052948,
          0.002009270974667743,
          0.0020141410059295595
        ]
      },
      "num_far_contribs": 0,
      "rel_error_vs_exact": 3.8314838481184417e-16,
      "exact_s": 0.002956370997708291
    },
    {
      "n": 2000,
      "dim": 5,
      "build_s": 15.07363654897199,
      "phi": {
        "runs": 5,
        "warmup": 2,
        "min_s": 0.0021225620002951473,
        "median_s": 0.002260509005282074,
        "mean_s": 0.0022146471950691194,
        "times_s": [
          0.0021225620002951473,
          0.002122587990015745,
          0.0022816619894001633,
          0.002260509005282074,
          0.0022859149903524667
        ]
      },
      "value_and_grad": {
        "runs": 5,
        "warmup": 2,
        "min_s": 0.006016636994900182,
        "median_s": 0.006092055002227426,
        "mean_s": 0.006127648404799402,
        "times_s": [
          0.006016636994900182,
          0.006092055002227426,
          0.006026916002156213,
          0.0062556019984185696,
          0.006247032026294619
        ]
      },
      "num_far_contribs": 0,
      "rel_error_vs_exact": 5.054467258097666e-16,
      "exact_s": 0.007412225008010864
    },
    {
      "n": 5000,
      "dim": 5,
      "build_s": 36.350519460014766,
      "phi": {
        "runs": 5,
        "warmup": 2,
        "min_s": 0.011766109993914142,
        "median_s": 0.011810293013695627,
        "mean_s": 0.011801215802552178,
        "times_s": [
          0.011766109993914142,
          0.011816092999652028,
          0.011844148015370592,
          0.011769434990128502,
          0.011810293013695627
        ]
      },
      "value_and_grad": {
        "runs": 5,
        "warmup": 2,
        "min_s": 0.059158176998607814,
        "median_s": 0.059401605976745486,
        "mean_s": 0.05939916939823888,
        "times_s": [
          0.059158176998607814,
          0.05959663100657053,
          0.059401605976745486,
          0.05950765000307001,
          0.05933178300620057
        ]
      },
      "num_far_contribs": 0,
      "rel_error_vs_exact": 9.791608134348836e-16,
      "exact_s": 0.05085771600715816
    },
    {
      "n": 10000,
      "dim": 5,
      "build_s": 46.36863783901208,
      "phi": {
        "runs": 5,
        "warmup": 2,
        "min_s": 0.032630994013743475,
        "median_s": 0.03284836502280086,
        "mean_s": 0.032801904005464164,
        "times_s": [
          0.032880399987334386,
          0.03284836502280086,
          0.03285337798297405,
          0.032796383020468056,
          0.032630994013743475
        ]
      },
      "value_and_grad": {
        "runs": 5,
        "warmup": 2,
        "min_s": 0.23549377798917703,
        "median_s": 0.23635874298634008,
        "mean_s": 0.23630603280034848,
        "times_s": [
          0.23549377798917703,
          0.23634221000247635,
          0.23673398300888948,
          0.23635874298634008,
          0.23660145001485944
        ]
      },
      "num_far_contribs": 0
    }
  ]
}