{
  "benchmark": "svgd_scaling",
  "params": {
    "sizes": [
      1000,
      2000,
      5000,
      10000
    ],
    "dim": 3,
    "theta": 0.5,
    "leaf_size": 32,
    "runs": 5,
    "warmup": 2,
    "seed": 0
  },
  "metadata": {
    "jax_version": "0.9.0",
    "backend": "gpu",
    "device_kind": "NVIDIA GeForce RTX 2080 Ti",
    "device_platform": "gpu",
    "compute_capability": "7.5",
    "x64_enabled": true,
    "git_commit": "be5baba",
    "timestamp_utc": "2026-07-17T10:25:42Z",
    "hostname": "compgpu5"
  },
  "records": [
    {
      "n": 1000,
      "dim": 3,
      "build_s": 18.736458882020088,
      "phi": {
        "runs": 5,
        "warmup": 2,
        "min_s": 0.00042889302130788565,
        "median_s": 0.00044208799954503775,
        "mean_s": 0.0004446019942406565,
        "times_s": [
          0.0004589069867506623,
          0.0004362549807410687,
          0.00044208799954503775,
          0.00042889302130788565,
          0.00045686698285862803
        ]
      },
      "value_and_grad": {
        "runs": 5,
        "warmup": 2,
        "min_s": 0.001301620010053739,
        "median_s": 0.0014508570020552725,
        "mean_s": 0.0014395884063560516,
        "times_s": [
          0.0015208910044748336,
          0.001301620010053739,
          0.0014940359978936613,
          0.0014305380173027515,
          0.0014508570020552725
        ]
      },
      "num_far_contribs": 0,
      "rel_error_vs_exact": 5.149528535693142e-16,
      "exact_s": 0.003043784003239125
    },
    {
      "n": 2000,
      "dim": 3,
      "build_s": 15.149171509983717,
      "phi": {
        "runs": 5,
        "warmup": 2,
        "min_s": 0.001594935019966215,
        "median_s": 0.0016789420042186975,
        "mean_s": 0.0016678626008797437,
        "times_s": [
          0.0016824360063765198,
          0.001594935019966215,
          0.0017216959968209267,
          0.0016789420042186975,
          0.0016613039770163596
        ]
      },
      "value_and_grad": {
        "runs": 5,
        "warmup": 2,
        "min_s": 0.004244649986503646,
        "median_s": 0.004279699991457164,
        "mean_s": 0.0042812215921003375,
        "times_s": [
          0.004244649986503646,
          0.004279699991457164,
          0.004266436997568235,
          0.004334286000812426,
          0.004281034984160215
        ]
      },
      "num_far_contribs": 0,
      "rel_error_vs_exact": 6.669558729064932e-16,
      "exact_s": 0.006318502011708915
    },
    {
      "n": 5000,
      "dim": 3,
      "build_s": 36.244753752980614,
      "phi": {
        "runs": 5,
        "warmup": 2,
        "min_s": 0.007140026980778202,
        "median_s": 0.007167994015617296,
        "mean_s": 0.007184506993507966,
        "times_s": [
          0.007167994015617296,
          0.007159061991842464,
          0.007140026980778202,
          0.007261458988068625,
          0.0071939929912332445
        ]
      },
      "value_and_grad": {
        "runs": 5,
        "warmup": 2,
        "min_s": 0.033592060004593804,
        "median_s": 0.03377151399035938,
        "mean_s": 0.03375398779171519,
        "times_s": [
          0.03378426798735745,
          0.033708304981701076,
          0.03377151399035938,
          0.033913791994564235,
          0.033592060004593804
        ]
      },
      "num_far_contribs": 168547,
      "rel_error_vs_exact": 0.001137593149285722,
      "exact_s": 0.039085068012354895
    },
    {
      "n": 10000,
      "dim": 3,
      "build_s": 46.396294913982274,
      "phi": {
        "runs": 5,
        "warmup": 2,
        "min_s": 0.017938519013114274,
        "median_s": 0.01803082099650055,
        "mean_s": 0.018020280805649234,
        "times_s": [
          0.018060214002616704,
          0.01803082099650055,
          0.017938519013114274,
          0.018051471008220688,
          0.018020379007793963
        ]
      },
      "value_and_grad": {
        "runs": 5,
        "warmup": 2,
        "min_s": 0.08478696699603461,
        "median_s": 0.08486499899299815,
        "mean_s": 0.08544296820182354,
        "times_s": [
          0.08779088300070725,
          0.08478696699603461,
          0.08493191501474939,
          0.08484007700462826,
          0.08486499899299815
        ]
      },
      "num_far_contribs": 1886794
    }
  ]
}