{
  "benchmark": "svgd_scaling",
  "params": {
    "sizes": [
      1000,
      2000,
      5000,
      10000
    ],
    "dim": 3,
    "theta": 0.5,
    "leaf_size": 32,
    "backend": "radix",
    "runs": 5,
    "warmup": 2,
    "seed": 0
  },
  "metadata": {
    "jax_version": "0.9.0",
    "backend": "gpu",
    "device_kind": "NVIDIA GeForce RTX 2080 Ti",
    "device_platform": "gpu",
    "compute_capability": "7.5",
    "x64_enabled": true,
    "git_commit": "6cd1f2d",
    "timestamp_utc": "2026-07-17T16:22:40Z",
    "hostname": "compgpu5"
  },
  "records": [
    {
      "n": 1000,
      "dim": 3,
      "build_s": 17.833448082004907,
      "phi": {
        "runs": 5,
        "warmup": 2,
        "min_s": 0.00042636701255105436,
        "median_s": 0.00044687199988402426,
        "mean_s": 0.0004514403990469873,
        "times_s": [
          0.0005001859972253442,
          0.0004365839995443821,
          0.0004471929860301316,
          0.00044687199988402426,
          0.00042636701255105436
        ]
      },
      "value_and_grad": {
        "runs": 5,
        "warmup": 2,
        "min_s": 0.0012727210123557597,
        "median_s": 0.0015007199835963547,
        "mean_s": 0.001458283403189853,
        "times_s": [
          0.0015007199835963547,
          0.0015060449950397015,
          0.001513418013928458,
          0.0012727210123557597,
          0.0014985130110289901
        ]
      },
      "num_far_contribs": 0,
      "rel_error_vs_exact": 5.224067655976996e-16,
      "exact_s": 0.0036676909949164838
    },
    {
      "n": 2000,
      "dim": 3,
      "build_s": 17.32337566901697,
      "phi": {
        "runs": 5,
        "warmup": 2,
        "min_s": 0.0016751910152379423,
        "median_s": 0.0017060009995475411,
        "mean_s": 0.001713772601215169,
        "times_s": [
          0.0016987319977488369,
          0.0017060009995475411,
          0.0016751910152379423,
          0.0017563220171723515,
          0.0017326169763691723
        ]
      },
      "value_and_grad": {
        "runs": 5,
        "warmup": 2,
        "min_s": 0.004114481998840347,
        "median_s": 0.0041666489851195365,
        "mean_s": 0.004159916000207886,
        "times_s": [
          0.004114481998840347,
          0.004154404014116153,
          0.004196818015770987,
          0.0041666489851195365,
          0.004167226987192407
        ]
      },
      "num_far_contribs": 0,
      "rel_error_vs_exact": 6.834565801167049e-16,
      "exact_s": 0.005908636027015746
    },
    {
      "n": 5000,
      "dim": 3,
      "build_s": 26.647568784013856,
      "phi": {
        "runs": 5,
        "warmup": 2,
        "min_s": 0.007721607980784029,
        "median_s": 0.00781602700590156,
        "mean_s": 0.007817442988744006,
        "times_s": [
          0.00781602700590156,
          0.007721607980784029,
          0.007785351976053789,
          0.007893283996963874,
          0.007870943984016776
        ]
      },
      "value_and_grad": {
        "runs": 5,
        "warmup": 2,
        "min_s": 0.04691536701284349,
        "median_s": 0.04991533301654272,
        "mean_s": 0.0488107210083399,
        "times_s": [
          0.04991533301654272,
          0.050031695020152256,
          0.05021379698882811,
          0.04697741300333291,
          0.04691536701284349
        ]
      },
      "num_far_contribs": 11648,
      "rel_error_vs_exact": 3.0777022642189495e-05,
      "exact_s": 0.038764882017858326
    },
    {
      "n": 10000,
      "dim": 3,
      "build_s": 35.18302686500829,
      "phi": {
        "runs": 5,
        "warmup": 2,
        "min_s": 0.020625415025278926,
        "median_s": 0.026053615001728758,
        "mean_s": 0.024970753799425437,
        "times_s": [
          0.026060231000883505,
          0.026061930984724313,
          0.02605257698451169,
          0.026053615001728758,
          0.020625415025278926
        ]
      },
      "value_and_grad": {
        "runs": 5,
        "warmup": 2,
        "min_s": 0.13599148800130934,
        "median_s": 0.1365110460028518,
        "mean_s": 0.13643487279769034,
        "times_s": [
          0.13599148800130934,
          0.13652281899703667,
          0.13644368699169718,
          0.1365110460028518,
          0.13670532399555668
        ]
      },
      "num_far_contribs": 392144
    }
  ]
}